{
    "ID" : "CaptureEscort_Pirate_UnexpectedGuests",
    "contractName" : "Unexpected Guests",
    "contractDisplayStyle" : "BaseCampaignNormal",
    "difficulty" : 5,
    "difficultyUIModifier" : 0,
    "weight" : 1,
    "scope" : "STANDARD",
    "finalDifficulty" : 0,
    "representativeCastDefIDOverride" : null,
    "missionSuccessStatementOverride" : null,
    "badFaithStatementOverride" : null,
    "goodFaithStatementOverride" : null,
    "shortDescription" : "I can't imagine why our {TEAM_TAR.FactionDef.Demonym} friends didn't let us know they'd invited a bunch of wealthy merchants to visit. We'd have prepared a welcoming party for them at the spaceport. Instead, it looks like we're going to have to meet up with them out in the field. Luckily, we know where they are; the drivers of their little convoy were pretty happy with the payoff we gave them. We want you to go down there and escort our new friends to safety.",
    "longDescription" : "There's got to be more to this story than just a simple kidnapping, Commander.",
    "salvagePotential" : 24,
    "requirementList" : [
        {
            "Scope" : "StarSystem",
            "RequirementTags" : {
                "items" : [],
                "tagSetSourceFile" : ""
            },
            "ExclusionTags" : {
                "items" : [],
                "tagSetSourceFile" : ""
            },
            "RequirementComparisons" : [
                {
                    "obj" : "Employer.AuriganPirates",
                    "op" : "Equal",
                    "val" : 1,
                    "valueConstant" : null
                },
                {
                    "obj" : "Target.IsOwner",
                    "op" : "Equal",
                    "val" : 1,
                    "valueConstant" : null
                }
            ]
        }
    ],
    "OnContractSuccessResults" : [],
    "OnContractFailureResults" : [],
    "contractType" : "CaptureEscort",
    "encounterPlayStyle" : "SinglePlayer",
    "maxNumberOfPlayerUnits" : 4,
    "lanceMinTonnage" : -1,
    "lanceMaxTonnage" : -1,
    "mechMinTonnages" : [
        -1,
        -1,
        -1,
        -1
    ],
    "mechMaxTonnages" : [
        -1,
        -1,
        -1,
        -1
    ],
    "mapMood" : null,
    "startingFogOfWarVisibility" : "Surveyed",
    "contractObjectiveList" : [
        {
            "contractObjective" : {
                "EncounterObjectGuid" : "7db60871-d4ae-423d-9c82-fb40ca083372"
            },
            "title" : "Capture Convoy Rally Point, Escort Convoy to Safety, and Extract Safely",
            "description" : "Capture Convoy Rally Point, Escort Convoy to Safety, and Extract Safely",
            "isPrimary" : true,
            "forPlayer" : "Player1",
            "objectiveGuids" : [
                "5f01500a-5087-4a6f-86d8-9e0450bc93eb",
                "d4d20990-fbeb-4f6e-81b7-7e94bba6a2c5",
                "3a4192be-2a53-4383-94ac-19c08883ea5f",
                "acf88d1b-d09f-4db7-b7ea-9f48a426075c",
                "371c6027-0869-4e03-8d70-192a8f441d70",
                "7da17c55-5d39-4a36-836c-69219a8ddeab",
                "bf3f63b5-cba7-4628-bb62-c2d43c4e7360"
            ]
        }
    ],
    "objectiveList" : [
        {
            "objective" : {
                "EncounterObjectGuid" : "acf88d1b-d09f-4db7-b7ea-9f48a426075c"
            },
            "title" : "Destroy Enemy Blocking Force",
            "description" : "The objective to destroy the force of enemies which will try adn stop the player from reaching the rally point.",
            "isPrimary" : false,
            "OnSuccessResults" : [
                {
                    "Scope" : "Company",
                    "Requirements" : null,
                    "AddedTags" : {
                        "items" : [],
                        "tagSetSourceFile" : ""
                    },
                    "RemovedTags" : {
                        "items" : [],
                        "tagSetSourceFile" : ""
                    },
                    "Stats" : [
                        {
                            "typeString" : "System.Single",
                            "name" : "ContractBonusRewardPct",
                            "value" : "0.1",
                            "set" : false,
                            "valueConstant" : null
                        }
                    ],
                    "Actions" : [],
                    "ForceEvents" : [],
                    "TemporaryResult" : false,
                    "ResultDuration" : 0
                }
            ],
            "OnFailureResults" : [],
            "OnSuccessDialogueGUID" : null,
            "OnFailureDialogueGUID" : null
        },
        {
            "objective" : {
                "EncounterObjectGuid" : "5f01500a-5087-4a6f-86d8-9e0450bc93eb"
            },
            "title" : "Secure the Convoy Rally Point",
            "description" : "Secure the Convoy Rally Point",
            "isPrimary" : true,
            "OnSuccessResults" : [],
            "OnFailureResults" : [],
            "OnSuccessDialogueGUID" : null,
            "OnFailureDialogueGUID" : null
        },
        {
            "objective" : {
                "EncounterObjectGuid" : "371c6027-0869-4e03-8d70-192a8f441d70"
            },
            "title" : "Destroy Enemy Reinforcements",
            "description" : "The objective to destroy enemy units which will attempt to block the convoy from reaching its destination.",
            "isPrimary" : false,
            "OnSuccessResults" : [
                {
                    "Scope" : "Company",
                    "Requirements" : null,
                    "AddedTags" : {
                        "items" : [],
                        "tagSetSourceFile" : ""
                    },
                    "RemovedTags" : {
                        "items" : [],
                        "tagSetSourceFile" : ""
                    },
                    "Stats" : [
                        {
                            "typeString" : "System.Single",
                            "name" : "ContractBonusRewardPct",
                            "value" : "0.1",
                            "set" : false,
                            "valueConstant" : null
                        }
                    ],
                    "Actions" : [],
                    "ForceEvents" : [],
                    "TemporaryResult" : false,
                    "ResultDuration" : 0
                }
            ],
            "OnFailureResults" : [],
            "OnSuccessDialogueGUID" : null,
            "OnFailureDialogueGUID" : null
        },
        {
            "objective" : {
                "EncounterObjectGuid" : "d4d20990-fbeb-4f6e-81b7-7e94bba6a2c5"
            },
            "title" : "Escort Friendly units to their Destination",
            "description" : "Escort Friendly units to their Destination",
            "isPrimary" : true,
            "OnSuccessResults" : [],
            "OnFailureResults" : [],
            "OnSuccessDialogueGUID" : null,
            "OnFailureDialogueGUID" : null
        },
        {
            "objective" : {
                "EncounterObjectGuid" : "7da17c55-5d39-4a36-836c-69219a8ddeab"
            },
            "title" : "Ensure All Convoy units survive during Extraction",
            "description" : "Protect the all units in Convoy during Extraction, suffering no losses.",
            "isPrimary" : false,
            "OnSuccessResults" : [
                {
                    "Scope" : "Company",
                    "Requirements" : null,
                    "AddedTags" : {
                        "items" : [],
                        "tagSetSourceFile" : ""
                    },
                    "RemovedTags" : {
                        "items" : [],
                        "tagSetSourceFile" : ""
                    },
                    "Stats" : [
                        {
                            "typeString" : "System.Single",
                            "name" : "ContractBonusRewardPct",
                            "value" : "0.1",
                            "set" : false,
                            "valueConstant" : null
                        }
                    ],
                    "Actions" : [],
                    "ForceEvents" : [],
                    "TemporaryResult" : false,
                    "ResultDuration" : 0
                }
            ],
            "OnFailureResults" : [],
            "OnSuccessDialogueGUID" : null,
            "OnFailureDialogueGUID" : null
        },
        {
            "objective" : {
                "EncounterObjectGuid" : "bf3f63b5-cba7-4628-bb62-c2d43c4e7360"
            },
            "title" : "Hidden Objective: Destroy hunter lance for mission complete.",
            "description" : "Hidden Objective: Destroy hunter lance for mission complete.",
            "isPrimary" : false,
            "OnSuccessResults" : [],
            "OnFailureResults" : [],
            "OnSuccessDialogueGUID" : null,
            "OnFailureDialogueGUID" : null
        },
        {
            "objective" : {
                "EncounterObjectGuid" : "3a4192be-2a53-4383-94ac-19c08883ea5f"
            },
            "title" : "Get to the Evac Zone",
            "description" : "The objective to escape with all the player units.",
            "isPrimary" : true,
            "OnSuccessResults" : [],
            "OnFailureResults" : [],
            "OnSuccessDialogueGUID" : null,
            "OnFailureDialogueGUID" : null
        },
        {
            "objective" : {
                "EncounterObjectGuid" : "9820d0c3-79e7-4456-b55c-ca820e82fae2"
            },
            "title" : "Protect Convoy while Dropship Arrives",
            "description" : "USELESS OBJECTIVE",
            "isPrimary" : true,
            "OnSuccessResults" : [],
            "OnFailureResults" : [],
            "OnSuccessDialogueGUID" : null,
            "OnFailureDialogueGUID" : null
        },
        {
            "objective" : {
                "EncounterObjectGuid" : "fa7458f8-c940-480c-91ce-4605fa8965d4"
            },
            "title" : "Protect Convoy as they Embark on the Dropship",
            "description" : "USELESS OBJECTIVE",
            "isPrimary" : true,
            "OnSuccessResults" : [],
            "OnFailureResults" : [],
            "OnSuccessDialogueGUID" : null,
            "OnFailureDialogueGUID" : null
        }
    ],
    "artilleryObjectiveList" : [],
    "buildingList" : [],
    "chunkList" : [
        {
            "name" : "Chunk_BlockingLance (Bonus)",
            "encounterChunk" : {
                "EncounterObjectGuid" : "68ac8364-8ea0-408a-949e-3e395ed8655b"
            },
            "enableChunkFromContract" : false,
            "requirementList" : []
        },
        {
            "name" : "Chunk_ReinforcementLance (Bonus)",
            "encounterChunk" : {
                "EncounterObjectGuid" : "66728491-3cff-4ba8-b173-a6a386ce2c73"
            },
            "enableChunkFromContract" : true,
            "requirementList" : []
        }
    ],
    "cameraFocusHelperList" : [
        {
            "name" : "Spawner_PlayerLance",
            "encounterObject" : {
                "EncounterObjectGuid" : "1a670982-15d5-44cf-b76b-32433c27749e"
            }
        },
        {
            "name" : "Lance_Enemy_BlockingForce",
            "encounterObject" : {
                "EncounterObjectGuid" : "9df10d9c-bf14-43ad-aa64-9202f93d3d49"
            }
        },
        {
            "name" : "Lance_Enemy_Reinforcement",
            "encounterObject" : {
                "EncounterObjectGuid" : "b6f407f2-2cfc-4c3a-8545-2dbf2c50f61a"
            }
        },
        {
            "name" : "Lance_Friendly_Escort",
            "encounterObject" : {
                "EncounterObjectGuid" : "d3d75b1e-ace5-43e8-b037-79a2dd2b3d4e"
            }
        },
        {
            "name" : "Lance_Enemy_Hunter",
            "encounterObject" : {
                "EncounterObjectGuid" : "8a365fc5-d25b-4d64-afbb-4ebf423721a9"
            }
        },
        {
            "name" : "Region_Occupy",
            "encounterObject" : {
                "EncounterObjectGuid" : "8020f476-1f81-4da9-956f-a797df693984"
            }
        },
        {
            "name" : "Region_EscortDestination",
            "encounterObject" : {
                "EncounterObjectGuid" : "3560382a-c082-4a0b-8cab-8e6327b74cce"
            }
        },
        {
            "name" : "Region_Escape",
            "encounterObject" : {
                "EncounterObjectGuid" : "366eef69-baab-4027-b158-37e72020832e"
            }
        },
        {
            "name" : "Region_Extraction",
            "encounterObject" : {
                "EncounterObjectGuid" : "47096b2f-ec88-49f2-b0df-0a44aa55364e"
            }
        },
        {
            "name" : "chrPrfVhcl_leopard-MANAGED",
            "encounterObject" : {
                "EncounterObjectGuid" : "10ce2941-bcee-458e-87f0-ee8ad3564fad"
            }
        },
        {
            "name" : "chrPrfVhcl_union-MANAGED",
            "encounterObject" : {
                "EncounterObjectGuid" : "feff37f8-b596-4f5a-b099-4a15ef8f11b4"
            }
        }
    ],
    "dialogueList" : [
        {
            "dialogue" : {
                "EncounterObjectGuid" : "73df8d9c-a274-48fd-98c9-2bd0d7860e83"
            },
            "name" : "Dialogue_MissionStart",
            "overrideDialogueBucketId" : "",
            "dialogueContent" : [
                {
                    "words" : "The convoy has stopped at a nearby facility, Commander.",
                    "wordsColor" : {
                        "r" : 1,
                        "g" : 1,
                        "b" : 1,
                        "a" : 1
                    },
                    "selectedCastDefId" : "castDef_DariusDefault",
                    "emote" : "Default",
                    "audioName" : "NONE",
                    "cameraFocusGuid" : "8020f476-1f81-4da9-956f-a797df693984",
                    "cameraDistance" : "Far",
                    "cameraHeight" : "Default",
                    "revealRadius" : -1
                },
                {
                    "words" : "Let's move up and get them underway to their extract point.",
                    "wordsColor" : {
                        "r" : 1,
                        "g" : 1,
                        "b" : 1,
                        "a" : 1
                    },
                    "selectedCastDefId" : "castDef_DariusDefault",
                    "emote" : "Default",
                    "audioName" : "NONE",
                    "cameraFocusGuid" : "1a670982-15d5-44cf-b76b-32433c27749e",
                    "cameraDistance" : "Far",
                    "cameraHeight" : "Default",
                    "revealRadius" : -1
                }
            ]
        },
        {
            "dialogue" : {
                "EncounterObjectGuid" : "4011a4c3-cba2-4d22-b2b3-3b19a3297ab9"
            },
            "name" : "Dialogue_MissionSuccess",
            "overrideDialogueBucketId" : "",
            "dialogueContent" : [
                {
                    "words" : "Whoever they were, they're in the hands of our friends, now.",
                    "wordsColor" : {
                        "r" : 1,
                        "g" : 1,
                        "b" : 1,
                        "a" : 1
                    },
                    "selectedCastDefId" : "castDef_DariusDefault",
                    "emote" : "Default",
                    "audioName" : "NONE",
                    "cameraFocusGuid" : "",
                    "cameraDistance" : "Far",
                    "cameraHeight" : "Default",
                    "revealRadius" : -1
                }
            ]
        },
        {
            "dialogue" : {
                "EncounterObjectGuid" : "d3d33d95-9ed7-4686-b9eb-954ebe51cc02"
            },
            "name" : "Dialogue_MissionFailure",
            "overrideDialogueBucketId" : "",
            "dialogueContent" : [
                {
                    "words" : "Dammit. We're going to have to report this one as a loss, Commander.",
                    "wordsColor" : {
                        "r" : 1,
                        "g" : 1,
                        "b" : 1,
                        "a" : 1
                    },
                    "selectedCastDefId" : "castDef_DariusDefault",
                    "emote" : "Default",
                    "audioName" : "NONE",
                    "cameraFocusGuid" : "",
                    "cameraDistance" : "Far",
                    "cameraHeight" : "Default",
                    "revealRadius" : -1
                }
            ]
        },
        {
            "dialogue" : {
                "EncounterObjectGuid" : "6c8a5135-f5b5-4c1f-b142-d3c20f51be67"
            },
            "name" : "Dialogue_ReinforcementWarning",
            "overrideDialogueBucketId" : "DialogBucketDef_Universal_HostilesInbound",
            "dialogueContent" : [
                {
                    "words" : "Commander. The enemy had deployed reinforcements and they are inbound. Expect increased resistance. ",
                    "wordsColor" : {
                        "r" : 1,
                        "g" : 1,
                        "b" : 1,
                        "a" : 1
                    },
                    "selectedCastDefId" : "castDef_DariusDefault",
                    "emote" : "Default",
                    "audioName" : "NONE",
                    "cameraFocusGuid" : "",
                    "cameraDistance" : "Far",
                    "cameraHeight" : "Default",
                    "revealRadius" : -1
                }
            ]
        },
        {
            "dialogue" : {
                "EncounterObjectGuid" : "127d5294-4e08-474a-962d-2b92ee7a32fb"
            },
            "name" : "Dialogue_Interrupt_HunterWarning",
            "overrideDialogueBucketId" : "",
            "dialogueContent" : [
                {
                    "words" : "More contacts, Commander. These folks are shooting to kill. Who the hell is on these transports, anyway?",
                    "wordsColor" : {
                        "r" : 1,
                        "g" : 1,
                        "b" : 1,
                        "a" : 1
                    },
                    "selectedCastDefId" : "castDef_DariusDefault",
                    "emote" : "Default",
                    "audioName" : "NONE",
                    "cameraFocusGuid" : "",
                    "cameraDistance" : "Far",
                    "cameraHeight" : "Default",
                    "revealRadius" : -1
                }
            ]
        },
        {
            "dialogue" : {
                "EncounterObjectGuid" : "59fd62f4-62f0-4e14-b203-d796e231c3a8"
            },
            "name" : "Dialogue_HoldOutOrders",
            "overrideDialogueBucketId" : "DialogBucketDef_CaptureEscort_InPositionHoldOut",
            "dialogueContent" : [
                {
                    "words" : "You've reached the extraction point for the objective vehicles. Hold there are keep them safe until we can get them out.",
                    "wordsColor" : {
                        "r" : 1,
                        "g" : 1,
                        "b" : 1,
                        "a" : 1
                    },
                    "selectedCastDefId" : "castDef_DariusDefault",
                    "emote" : "Default",
                    "audioName" : "NONE",
                    "cameraFocusGuid" : "",
                    "cameraDistance" : "Far",
                    "cameraHeight" : "Default",
                    "revealRadius" : -1
                }
            ]
        },
        {
            "dialogue" : {
                "EncounterObjectGuid" : "a2f9776a-a901-4a49-8952-92d1ef9a70fd"
            },
            "name" : "Dialogue_Interrupt_ConvoyMoving",
            "overrideDialogueBucketId" : "",
            "dialogueContent" : [
                {
                    "words" : "Just got word from the driver of the lead vehicle. They're ready to move out.",
                    "wordsColor" : {
                        "r" : 1,
                        "g" : 1,
                        "b" : 1,
                        "a" : 1
                    },
                    "selectedCastDefId" : "castDef_DariusDefault",
                    "emote" : "Default",
                    "audioName" : "NONE",
                    "cameraFocusGuid" : "",
                    "cameraDistance" : "Far",
                    "cameraHeight" : "Default",
                    "revealRadius" : -1
                }
            ]
        },
        {
            "dialogue" : {
                "EncounterObjectGuid" : "e8895550-a34c-4545-aa0b-27d4dfd21eeb"
            },
            "name" : "Dialogue_ConvoyExtractSuccessEscapeInstruction",
            "overrideDialogueBucketId" : "DialogBucketDef_CaptureEscort_ObjSecured",
            "dialogueContent" : [
                {
                    "words" : "And they are away! The convoy is safely out of the AO. Good work, Commander. Now get your remaining forces to the second evac zone for extraction there. ",
                    "wordsColor" : {
                        "r" : 1,
                        "g" : 1,
                        "b" : 1,
                        "a" : 1
                    },
                    "selectedCastDefId" : "castDef_DariusDefault",
                    "emote" : "Default",
                    "audioName" : "NONE",
                    "cameraFocusGuid" : "",
                    "cameraDistance" : "Far",
                    "cameraHeight" : "Default",
                    "revealRadius" : -1
                }
            ]
        }
    ],
    "overwriteMissionCompleteWhenAutoComplete" : true,
    "overrideAutoCompleteDialogueId" : null,
    "disableNegotations" : false,
    "disableLanceConfiguration" : false,
    "disableCancelButton" : false,
    "disableAfterAction" : false,
    "contractRewardOverride" : -1,
    "travelOnly" : false,
    "useTravelCostPenalty" : false,
    "usesExpiration" : false,
    "expirationTimeOverride" : -1,
    "negotiatedSalary" : 1,
    "negotiatedSalvage" : 0,
    "excludedFromProceduralGeneration" : false,
    "player1Team" : {
        "encounterLayerData" : {
            "EncounterObjectGuid" : "280026b1-259f-44f0-ad82-b6799a05064b"
        },
        "teamGuid" : "bf40fd39-ccf9-47c4-94a6-061809681140",
        "teamName" : "Player 1",
        "faction" : "Player1sMercUnit",
        "teamLeaderCastDefId" : "castDef_TeamLeader_Current",
        "lanceOverrideList" : [
            {
                "lanceSpawner" : {
                    "EncounterObjectGuid" : "1a670982-15d5-44cf-b76b-32433c27749e"
                },
                "name" : "Spawner_PlayerLance",
                "lanceDefId" : "Manual",
                "lanceTagSet" : {
                    "items" : [],
                    "tagSetSourceFile" : "tags/LanceTags"
                },
                "lanceExcludedTagSet" : {
                    "items" : [],
                    "tagSetSourceFile" : "tags/LanceTags"
                },
                "spawnEffectTags" : {
                    "items" : [],
                    "tagSetSourceFile" : "tags/SpawnEffectTags"
                },
                "lanceDifficultyAdjustment" : 0,
                "selectedLanceDefId" : null,
                "selectedLanceDifficulty" : 0,
                "unitSpawnPointOverrideList" : [
                    {
                        "unitSpawnPoint" : {
                            "EncounterObjectGuid" : "0b3955ca-f9bb-4248-b042-344210df6d67"
                        },
                        "customUnitName" : "",
                        "customHeraldryDefId" : null,
                        "unitType" : "Mech",
                        "unitDefId" : "mechDef_None",
                        "unitTagSet" : {
                            "items" : [],
                            "tagSetSourceFile" : "tags/UnitTags"
                        },
                        "unitExcludedTagSet" : {
                            "items" : [],
                            "tagSetSourceFile" : "tags/UnitTags"
                        },
                        "spawnEffectTags" : {
                            "items" : [],
                            "tagSetSourceFile" : "tags/SpawnEffectTags"
                        },
                        "pilotDefId" : "pilotDef_InheritLance",
                        "pilotTagSet" : {
                            "items" : [],
                            "tagSetSourceFile" : "tags/PilotTags"
                        },
                        "pilotExcludedTagSet" : {
                            "items" : [],
                            "tagSetSourceFile" : "tags/PilotTags"
                        },
                        "selectedUnitType" : "UNDEFINED",
                        "selectedUnitDefId" : null,
                        "selectedPilotDefId" : null
                    },
                    {
                        "unitSpawnPoint" : {
                            "EncounterObjectGuid" : "29ac85b0-2d90-4b75-8842-6dc335ad4097"
                        },
                        "customUnitName" : "",
                        "customHeraldryDefId" : null,
                        "unitType" : "Mech",
                        "unitDefId" : "mechDef_None",
                        "unitTagSet" : {
                            "items" : [],
                            "tagSetSourceFile" : "tags/UnitTags"
                        },
                        "unitExcludedTagSet" : {
                            "items" : [],
                            "tagSetSourceFile" : "tags/UnitTags"
                        },
                        "spawnEffectTags" : {
                            "items" : [],
                            "tagSetSourceFile" : "tags/SpawnEffectTags"
                        },
                        "pilotDefId" : "pilotDef_InheritLance",
                        "pilotTagSet" : {
                            "items" : [],
                            "tagSetSourceFile" : "tags/PilotTags"
                        },
                        "pilotExcludedTagSet" : {
                            "items" : [],
                            "tagSetSourceFile" : "tags/PilotTags"
                        },
                        "selectedUnitType" : "UNDEFINED",
                        "selectedUnitDefId" : null,
                        "selectedPilotDefId" : null
                    },
                    {
                        "unitSpawnPoint" : {
                            "EncounterObjectGuid" : "b5a4f55e-c235-4ac0-a13c-e5f067910690"
                        },
                        "customUnitName" : "",
                        "customHeraldryDefId" : null,
                        "unitType" : "Mech",
                        "unitDefId" : "mechDef_None",
                        "unitTagSet" : {
                            "items" : [],
                            "tagSetSourceFile" : "tags/UnitTags"
                        },
                        "unitExcludedTagSet" : {
                            "items" : [],
                            "tagSetSourceFile" : "tags/UnitTags"
                        },
                        "spawnEffectTags" : {
                            "items" : [],
                            "tagSetSourceFile" : "tags/SpawnEffectTags"
                        },
                        "pilotDefId" : "pilotDef_InheritLance",
                        "pilotTagSet" : {
                            "items" : [],
                            "tagSetSourceFile" : "tags/PilotTags"
                        },
                        "pilotExcludedTagSet" : {
                            "items" : [],
                            "tagSetSourceFile" : "tags/PilotTags"
                        },
                        "selectedUnitType" : "UNDEFINED",
                        "selectedUnitDefId" : null,
                        "selectedPilotDefId" : null
                    },
                    {
                        "unitSpawnPoint" : {
                            "EncounterObjectGuid" : "b7c6ecec-c420-4b9d-ada4-4a63140429e9"
                        },
                        "customUnitName" : "",
                        "customHeraldryDefId" : null,
                        "unitType" : "Mech",
                        "unitDefId" : "mechDef_None",
                        "unitTagSet" : {
                            "items" : [],
                            "tagSetSourceFile" : "tags/UnitTags"
                        },
                        "unitExcludedTagSet" : {
                            "items" : [],
                            "tagSetSourceFile" : "tags/UnitTags"
                        },
                        "spawnEffectTags" : {
                            "items" : [],
                            "tagSetSourceFile" : "tags/SpawnEffectTags"
                        },
                        "pilotDefId" : "pilotDef_InheritLance",
                        "pilotTagSet" : {
                            "items" : [],
                            "tagSetSourceFile" : "tags/PilotTags"
                        },
                        "pilotExcludedTagSet" : {
                            "items" : [],
                            "tagSetSourceFile" : "tags/PilotTags"
                        },
                        "selectedUnitType" : "UNDEFINED",
                        "selectedUnitDefId" : null,
                        "selectedPilotDefId" : null
                    }
                ]
            }
        ]
    },
    "player2Team" : {
        "encounterLayerData" : {
            "EncounterObjectGuid" : "280026b1-259f-44f0-ad82-b6799a05064b"
        },
        "teamGuid" : "757173dd-b4e1-4bb5-9bee-d78e623cc867",
        "teamName" : "Player 2",
        "faction" : "Player2sMercUnit",
        "teamLeaderCastDefId" : "castDef_TeamLeader_Current",
        "lanceOverrideList" : []
    },
    "employerTeam" : {
        "encounterLayerData" : {
            "EncounterObjectGuid" : "280026b1-259f-44f0-ad82-b6799a05064b"
        },
        "teamGuid" : "ecc8d4f2-74b4-465d-adf6-84445e5dfc230",
        "teamName" : "Employer",
        "faction" : "INVALID_UNSET",
        "teamLeaderCastDefId" : "castDef_TeamLeader_Current",
        "lanceOverrideList" : [
            {
                "lanceSpawner" : {
                    "EncounterObjectGuid" : "d3d75b1e-ace5-43e8-b037-79a2dd2b3d4e"
                },
                "name" : "Lance_Friendly_Escort",
                "lanceDefId" : "Tagged",
                "lanceTagSet" : {
                    "items" : [
                        "lance_type_convoy"
                    ],
                    "tagSetSourceFile" : "tags/LanceTags"
                },
                "lanceExcludedTagSet" : {
                    "items" : [],
                    "tagSetSourceFile" : "tags/LanceTags"
                },
                "spawnEffectTags" : {
                    "items" : [],
                    "tagSetSourceFile" : "tags/SpawnEffectTags"
                },
                "lanceDifficultyAdjustment" : 0,
                "selectedLanceDefId" : null,
                "selectedLanceDifficulty" : 0,
                "unitSpawnPointOverrideList" : [
                    {
                        "unitSpawnPoint" : {
                            "EncounterObjectGuid" : "d7109e5f-7e09-4a9d-98a7-a0bf651532e6"
                        },
                        "customUnitName" : "",
                        "customHeraldryDefId" : null,
                        "unitType" : "Mech",
                        "unitDefId" : "mechDef_InheritLance",
                        "unitTagSet" : {
                            "items" : [],
                            "tagSetSourceFile" : "tags/UnitTags"
                        },
                        "unitExcludedTagSet" : {
                            "items" : [],
                            "tagSetSourceFile" : "tags/UnitTags"
                        },
                        "spawnEffectTags" : {
                            "items" : [],
                            "tagSetSourceFile" : "tags/SpawnEffectTags"
                        },
                        "pilotDefId" : "pilotDef_InheritLance",
                        "pilotTagSet" : {
                            "items" : [],
                            "tagSetSourceFile" : "tags/PilotTags"
                        },
                        "pilotExcludedTagSet" : {
                            "items" : [],
                            "tagSetSourceFile" : "tags/PilotTags"
                        },
                        "selectedUnitType" : "UNDEFINED",
                        "selectedUnitDefId" : null,
                        "selectedPilotDefId" : null
                    },
                    {
                        "unitSpawnPoint" : {
                            "EncounterObjectGuid" : "bdb37cd1-dff5-4740-b361-d5d1aebfd452"
                        },
                        "customUnitName" : "",
                        "customHeraldryDefId" : null,
                        "unitType" : "Mech",
                        "unitDefId" : "mechDef_InheritLance",
                        "unitTagSet" : {
                            "items" : [],
                            "tagSetSourceFile" : "tags/UnitTags"
                        },
                        "unitExcludedTagSet" : {
                            "items" : [],
                            "tagSetSourceFile" : "tags/UnitTags"
                        },
                        "spawnEffectTags" : {
                            "items" : [],
                            "tagSetSourceFile" : "tags/SpawnEffectTags"
                        },
                        "pilotDefId" : "pilotDef_InheritLance",
                        "pilotTagSet" : {
                            "items" : [],
                            "tagSetSourceFile" : "tags/PilotTags"
                        },
                        "pilotExcludedTagSet" : {
                            "items" : [],
                            "tagSetSourceFile" : "tags/PilotTags"
                        },
                        "selectedUnitType" : "UNDEFINED",
                        "selectedUnitDefId" : null,
                        "selectedPilotDefId" : null
                    },
                    {
                        "unitSpawnPoint" : {
                            "EncounterObjectGuid" : "5a7f08f5-3ceb-467e-b857-b3fc1874d016"
                        },
                        "customUnitName" : "",
                        "customHeraldryDefId" : null,
                        "unitType" : "Mech",
                        "unitDefId" : "mechDef_InheritLance",
                        "unitTagSet" : {
                            "items" : [],
                            "tagSetSourceFile" : "tags/UnitTags"
                        },
                        "unitExcludedTagSet" : {
                            "items" : [],
                            "tagSetSourceFile" : "tags/UnitTags"
                        },
                        "spawnEffectTags" : {
                            "items" : [],
                            "tagSetSourceFile" : "tags/SpawnEffectTags"
                        },
                        "pilotDefId" : "pilotDef_InheritLance",
                        "pilotTagSet" : {
                            "items" : [],
                            "tagSetSourceFile" : "tags/PilotTags"
                        },
                        "pilotExcludedTagSet" : {
                            "items" : [],
                            "tagSetSourceFile" : "tags/PilotTags"
                        },
                        "selectedUnitType" : "UNDEFINED",
                        "selectedUnitDefId" : null,
                        "selectedPilotDefId" : null
                    },
                    {
                        "unitSpawnPoint" : {
                            "EncounterObjectGuid" : "938ab06b-304b-4f45-ba86-abcaa0fe01c5"
                        },
                        "customUnitName" : "",
                        "customHeraldryDefId" : null,
                        "unitType" : "Mech",
                        "unitDefId" : "mechDef_InheritLance",
                        "unitTagSet" : {
                            "items" : [],
                            "tagSetSourceFile" : "tags/UnitTags"
                        },
                        "unitExcludedTagSet" : {
                            "items" : [],
                            "tagSetSourceFile" : "tags/UnitTags"
                        },
                        "spawnEffectTags" : {
                            "items" : [],
                            "tagSetSourceFile" : "tags/SpawnEffectTags"
                        },
                        "pilotDefId" : "pilotDef_InheritLance",
                        "pilotTagSet" : {
                            "items" : [],
                            "tagSetSourceFile" : "tags/PilotTags"
                        },
                        "pilotExcludedTagSet" : {
                            "items" : [],
                            "tagSetSourceFile" : "tags/PilotTags"
                        },
                        "selectedUnitType" : "UNDEFINED",
                        "selectedUnitDefId" : null,
                        "selectedPilotDefId" : null
                    }
                ]
            }
        ]
    },
    "targetTeam" : {
        "encounterLayerData" : {
            "EncounterObjectGuid" : "280026b1-259f-44f0-ad82-b6799a05064b"
        },
        "teamGuid" : "be77cadd-e245-4240-a93e-b99cc98902a5",
        "teamName" : "Target",
        "faction" : "INVALID_UNSET",
        "teamLeaderCastDefId" : "castDef_TeamLeader_Current",
        "lanceOverrideList" : [
            {
                "lanceSpawner" : {
                    "EncounterObjectGuid" : "9df10d9c-bf14-43ad-aa64-9202f93d3d49"
                },
                "name" : "Lance_Enemy_BlockingForce",
                "lanceDefId" : "Tagged",
                "lanceTagSet" : {
                    "items" : [
                        "lance_type_recon"
                    ],
                    "tagSetSourceFile" : "tags/LanceTags"
                },
                "lanceExcludedTagSet" : {
                    "items" : [],
                    "tagSetSourceFile" : "tags/LanceTags"
                },
                "spawnEffectTags" : {
                    "items" : [],
                    "tagSetSourceFile" : "tags/SpawnEffectTags"
                },
                "lanceDifficultyAdjustment" : 0,
                "selectedLanceDefId" : null,
                "selectedLanceDifficulty" : 0,
                "unitSpawnPointOverrideList" : [
                    {
                        "unitSpawnPoint" : {
                            "EncounterObjectGuid" : "fd5f61a5-e486-4fc3-9ee2-a67dc92fd4cc"
                        },
                        "customUnitName" : "",
                        "customHeraldryDefId" : null,
                        "unitType" : "Mech",
                        "unitDefId" : "mechDef_InheritLance",
                        "unitTagSet" : {
                            "items" : [],
                            "tagSetSourceFile" : "tags/UnitTags"
                        },
                        "unitExcludedTagSet" : {
                            "items" : [],
                            "tagSetSourceFile" : "tags/UnitTags"
                        },
                        "spawnEffectTags" : {
                            "items" : [],
                            "tagSetSourceFile" : "tags/SpawnEffectTags"
                        },
                        "pilotDefId" : "pilotDef_InheritLance",
                        "pilotTagSet" : {
                            "items" : [],
                            "tagSetSourceFile" : "tags/PilotTags"
                        },
                        "pilotExcludedTagSet" : {
                            "items" : [],
                            "tagSetSourceFile" : "tags/PilotTags"
                        },
                        "selectedUnitType" : "UNDEFINED",
                        "selectedUnitDefId" : null,
                        "selectedPilotDefId" : null
                    },
                    {
                        "unitSpawnPoint" : {
                            "EncounterObjectGuid" : "d06e441e-ff0e-4501-91e5-d1ec62626de4"
                        },
                        "customUnitName" : "",
                        "customHeraldryDefId" : null,
                        "unitType" : "Mech",
                        "unitDefId" : "mechDef_InheritLance",
                        "unitTagSet" : {
                            "items" : [],
                            "tagSetSourceFile" : "tags/UnitTags"
                        },
                        "unitExcludedTagSet" : {
                            "items" : [],
                            "tagSetSourceFile" : "tags/UnitTags"
                        },
                        "spawnEffectTags" : {
                            "items" : [],
                            "tagSetSourceFile" : "tags/SpawnEffectTags"
                        },
                        "pilotDefId" : "pilotDef_InheritLance",
                        "pilotTagSet" : {
                            "items" : [],
                            "tagSetSourceFile" : "tags/PilotTags"
                        },
                        "pilotExcludedTagSet" : {
                            "items" : [],
                            "tagSetSourceFile" : "tags/PilotTags"
                        },
                        "selectedUnitType" : "UNDEFINED",
                        "selectedUnitDefId" : null,
                        "selectedPilotDefId" : null
                    },
                    {
                        "unitSpawnPoint" : {
                            "EncounterObjectGuid" : "0ebae4a1-02d0-4b1d-b38b-1f4b10ad9d9d"
                        },
                        "customUnitName" : "",
                        "customHeraldryDefId" : null,
                        "unitType" : "Mech",
                        "unitDefId" : "mechDef_InheritLance",
                        "unitTagSet" : {
                            "items" : [],
                            "tagSetSourceFile" : "tags/UnitTags"
                        },
                        "unitExcludedTagSet" : {
                            "items" : [],
                            "tagSetSourceFile" : "tags/UnitTags"
                        },
                        "spawnEffectTags" : {
                            "items" : [],
                            "tagSetSourceFile" : "tags/SpawnEffectTags"
                        },
                        "pilotDefId" : "pilotDef_InheritLance",
                        "pilotTagSet" : {
                            "items" : [],
                            "tagSetSourceFile" : "tags/PilotTags"
                        },
                        "pilotExcludedTagSet" : {
                            "items" : [],
                            "tagSetSourceFile" : "tags/PilotTags"
                        },
                        "selectedUnitType" : "UNDEFINED",
                        "selectedUnitDefId" : null,
                        "selectedPilotDefId" : null
                    },
                    {
                        "unitSpawnPoint" : {
                            "EncounterObjectGuid" : "8420632e-4e7a-48f8-a03f-3495e5df31da"
                        },
                        "customUnitName" : "",
                        "customHeraldryDefId" : null,
                        "unitType" : "Mech",
                        "unitDefId" : "mechDef_InheritLance",
                        "unitTagSet" : {
                            "items" : [],
                            "tagSetSourceFile" : "tags/UnitTags"
                        },
                        "unitExcludedTagSet" : {
                            "items" : [],
                            "tagSetSourceFile" : "tags/UnitTags"
                        },
                        "spawnEffectTags" : {
                            "items" : [],
                            "tagSetSourceFile" : "tags/SpawnEffectTags"
                        },
                        "pilotDefId" : "pilotDef_InheritLance",
                        "pilotTagSet" : {
                            "items" : [],
                            "tagSetSourceFile" : "tags/PilotTags"
                        },
                        "pilotExcludedTagSet" : {
                            "items" : [],
                            "tagSetSourceFile" : "tags/PilotTags"
                        },
                        "selectedUnitType" : "UNDEFINED",
                        "selectedUnitDefId" : null,
                        "selectedPilotDefId" : null
                    }
                ]
            },
            {
                "lanceSpawner" : {
                    "EncounterObjectGuid" : "b6f407f2-2cfc-4c3a-8545-2dbf2c50f61a"
                },
                "name" : "Lance_Enemy_Reinforcement",
                "lanceDefId" : "Tagged",
                "lanceTagSet" : {
                    "items" : [
                        "lance_type_battle"
                    ],
                    "tagSetSourceFile" : "tags/LanceTags"
                },
                "lanceExcludedTagSet" : {
                    "items" : [],
                    "tagSetSourceFile" : "tags/LanceTags"
                },
                "spawnEffectTags" : {
                    "items" : [],
                    "tagSetSourceFile" : "tags/SpawnEffectTags"
                },
                "lanceDifficultyAdjustment" : -1,
                "selectedLanceDefId" : null,
                "selectedLanceDifficulty" : 0,
                "unitSpawnPointOverrideList" : [
                    {
                        "unitSpawnPoint" : {
                            "EncounterObjectGuid" : "c70a6142-0f12-43d4-944f-8c28d28bcfa0"
                        },
                        "customUnitName" : "",
                        "customHeraldryDefId" : null,
                        "unitType" : "Mech",
                        "unitDefId" : "mechDef_InheritLance",
                        "unitTagSet" : {
                            "items" : [],
                            "tagSetSourceFile" : "tags/UnitTags"
                        },
                        "unitExcludedTagSet" : {
                            "items" : [],
                            "tagSetSourceFile" : "tags/UnitTags"
                        },
                        "spawnEffectTags" : {
                            "items" : [],
                            "tagSetSourceFile" : "tags/SpawnEffectTags"
                        },
                        "pilotDefId" : "pilotDef_InheritLance",
                        "pilotTagSet" : {
                            "items" : [],
                            "tagSetSourceFile" : "tags/PilotTags"
                        },
                        "pilotExcludedTagSet" : {
                            "items" : [],
                            "tagSetSourceFile" : "tags/PilotTags"
                        },
                        "selectedUnitType" : "UNDEFINED",
                        "selectedUnitDefId" : null,
                        "selectedPilotDefId" : null
                    },
                    {
                        "unitSpawnPoint" : {
                            "EncounterObjectGuid" : "08e55906-bfe4-4f55-b52c-95203e7ce021"
                        },
                        "customUnitName" : "",
                        "customHeraldryDefId" : null,
                        "unitType" : "Mech",
                        "unitDefId" : "mechDef_InheritLance",
                        "unitTagSet" : {
                            "items" : [],
                            "tagSetSourceFile" : "tags/UnitTags"
                        },
                        "unitExcludedTagSet" : {
                            "items" : [],
                            "tagSetSourceFile" : "tags/UnitTags"
                        },
                        "spawnEffectTags" : {
                            "items" : [],
                            "tagSetSourceFile" : "tags/SpawnEffectTags"
                        },
                        "pilotDefId" : "pilotDef_InheritLance",
                        "pilotTagSet" : {
                            "items" : [],
                            "tagSetSourceFile" : "tags/PilotTags"
                        },
                        "pilotExcludedTagSet" : {
                            "items" : [],
                            "tagSetSourceFile" : "tags/PilotTags"
                        },
                        "selectedUnitType" : "UNDEFINED",
                        "selectedUnitDefId" : null,
                        "selectedPilotDefId" : null
                    },
                    {
                        "unitSpawnPoint" : {
                            "EncounterObjectGuid" : "0a013d23-76f2-41cd-b705-797c69be9190"
                        },
                        "customUnitName" : "",
                        "customHeraldryDefId" : null,
                        "unitType" : "Mech",
                        "unitDefId" : "mechDef_InheritLance",
                        "unitTagSet" : {
                            "items" : [],
                            "tagSetSourceFile" : "tags/UnitTags"
                        },
                        "unitExcludedTagSet" : {
                            "items" : [],
                            "tagSetSourceFile" : "tags/UnitTags"
                        },
                        "spawnEffectTags" : {
                            "items" : [],
                            "tagSetSourceFile" : "tags/SpawnEffectTags"
                        },
                        "pilotDefId" : "pilotDef_InheritLance",
                        "pilotTagSet" : {
                            "items" : [],
                            "tagSetSourceFile" : "tags/PilotTags"
                        },
                        "pilotExcludedTagSet" : {
                            "items" : [],
                            "tagSetSourceFile" : "tags/PilotTags"
                        },
                        "selectedUnitType" : "UNDEFINED",
                        "selectedUnitDefId" : null,
                        "selectedPilotDefId" : null
                    },
                    {
                        "unitSpawnPoint" : {
                            "EncounterObjectGuid" : "a2300a0e-7465-4c75-9a78-e8b0a8d33417"
                        },
                        "customUnitName" : "",
                        "customHeraldryDefId" : null,
                        "unitType" : "Mech",
                        "unitDefId" : "mechDef_InheritLance",
                        "unitTagSet" : {
                            "items" : [],
                            "tagSetSourceFile" : "tags/UnitTags"
                        },
                        "unitExcludedTagSet" : {
                            "items" : [],
                            "tagSetSourceFile" : "tags/UnitTags"
                        },
                        "spawnEffectTags" : {
                            "items" : [],
                            "tagSetSourceFile" : "tags/SpawnEffectTags"
                        },
                        "pilotDefId" : "pilotDef_InheritLance",
                        "pilotTagSet" : {
                            "items" : [],
                            "tagSetSourceFile" : "tags/PilotTags"
                        },
                        "pilotExcludedTagSet" : {
                            "items" : [],
                            "tagSetSourceFile" : "tags/PilotTags"
                        },
                        "selectedUnitType" : "UNDEFINED",
                        "selectedUnitDefId" : null,
                        "selectedPilotDefId" : null
                    }
                ]
            },
            {
                "lanceSpawner" : {
                    "EncounterObjectGuid" : "8a365fc5-d25b-4d64-afbb-4ebf423721a9"
                },
                "name" : "Lance_Enemy_Hunter",
                "lanceDefId" : "Tagged",
                "lanceTagSet" : {
                    "items" : [
                        "lance_type_fire"
                    ],
                    "tagSetSourceFile" : "tags/LanceTags"
                },
                "lanceExcludedTagSet" : {
                    "items" : [],
                    "tagSetSourceFile" : "tags/LanceTags"
                },
                "spawnEffectTags" : {
                    "items" : [],
                    "tagSetSourceFile" : "tags/SpawnEffectTags"
                },
                "lanceDifficultyAdjustment" : 0,
                "selectedLanceDefId" : null,
                "selectedLanceDifficulty" : 0,
                "unitSpawnPointOverrideList" : [
                    {
                        "unitSpawnPoint" : {
                            "EncounterObjectGuid" : "3f8a51bd-2db0-4473-86bc-435ea1125391"
                        },
                        "customUnitName" : "",
                        "customHeraldryDefId" : null,
                        "unitType" : "Mech",
                        "unitDefId" : "mechDef_InheritLance",
                        "unitTagSet" : {
                            "items" : [],
                            "tagSetSourceFile" : "tags/UnitTags"
                        },
                        "unitExcludedTagSet" : {
                            "items" : [],
                            "tagSetSourceFile" : "tags/UnitTags"
                        },
                        "spawnEffectTags" : {
                            "items" : [],
                            "tagSetSourceFile" : "tags/SpawnEffectTags"
                        },
                        "pilotDefId" : "pilotDef_InheritLance",
                        "pilotTagSet" : {
                            "items" : [],
                            "tagSetSourceFile" : "tags/PilotTags"
                        },
                        "pilotExcludedTagSet" : {
                            "items" : [],
                            "tagSetSourceFile" : "tags/PilotTags"
                        },
                        "selectedUnitType" : "UNDEFINED",
                        "selectedUnitDefId" : null,
                        "selectedPilotDefId" : null
                    },
                    {
                        "unitSpawnPoint" : {
                            "EncounterObjectGuid" : "d1a04f94-29bc-4221-a4bf-793443c06165"
                        },
                        "customUnitName" : "",
                        "customHeraldryDefId" : null,
                        "unitType" : "Mech",
                        "unitDefId" : "mechDef_InheritLance",
                        "unitTagSet" : {
                            "items" : [],
                            "tagSetSourceFile" : "tags/UnitTags"
                        },
                        "unitExcludedTagSet" : {
                            "items" : [],
                            "tagSetSourceFile" : "tags/UnitTags"
                        },
                        "spawnEffectTags" : {
                            "items" : [],
                            "tagSetSourceFile" : "tags/SpawnEffectTags"
                        },
                        "pilotDefId" : "pilotDef_InheritLance",
                        "pilotTagSet" : {
                            "items" : [],
                            "tagSetSourceFile" : "tags/PilotTags"
                        },
                        "pilotExcludedTagSet" : {
                            "items" : [],
                            "tagSetSourceFile" : "tags/PilotTags"
                        },
                        "selectedUnitType" : "UNDEFINED",
                        "selectedUnitDefId" : null,
                        "selectedPilotDefId" : null
                    },
                    {
                        "unitSpawnPoint" : {
                            "EncounterObjectGuid" : "de2c80f9-e0dc-4592-85de-b75d5c0cff28"
                        },
                        "customUnitName" : "",
                        "customHeraldryDefId" : null,
                        "unitType" : "Mech",
                        "unitDefId" : "mechDef_InheritLance",
                        "unitTagSet" : {
                            "items" : [],
                            "tagSetSourceFile" : "tags/UnitTags"
                        },
                        "unitExcludedTagSet" : {
                            "items" : [],
                            "tagSetSourceFile" : "tags/UnitTags"
                        },
                        "spawnEffectTags" : {
                            "items" : [],
                            "tagSetSourceFile" : "tags/SpawnEffectTags"
                        },
                        "pilotDefId" : "pilotDef_InheritLance",
                        "pilotTagSet" : {
                            "items" : [],
                            "tagSetSourceFile" : "tags/PilotTags"
                        },
                        "pilotExcludedTagSet" : {
                            "items" : [],
                            "tagSetSourceFile" : "tags/PilotTags"
                        },
                        "selectedUnitType" : "UNDEFINED",
                        "selectedUnitDefId" : null,
                        "selectedPilotDefId" : null
                    },
                    {
                        "unitSpawnPoint" : {
                            "EncounterObjectGuid" : "82af386a-9635-4d01-a120-4a7b9bee8f3f"
                        },
                        "customUnitName" : "",
                        "customHeraldryDefId" : null,
                        "unitType" : "Mech",
                        "unitDefId" : "mechDef_InheritLance",
                        "unitTagSet" : {
                            "items" : [],
                            "tagSetSourceFile" : "tags/UnitTags"
                        },
                        "unitExcludedTagSet" : {
                            "items" : [],
                            "tagSetSourceFile" : "tags/UnitTags"
                        },
                        "spawnEffectTags" : {
                            "items" : [],
                            "tagSetSourceFile" : "tags/SpawnEffectTags"
                        },
                        "pilotDefId" : "pilotDef_InheritLance",
                        "pilotTagSet" : {
                            "items" : [],
                            "tagSetSourceFile" : "tags/PilotTags"
                        },
                        "pilotExcludedTagSet" : {
                            "items" : [],
                            "tagSetSourceFile" : "tags/PilotTags"
                        },
                        "selectedUnitType" : "UNDEFINED",
                        "selectedUnitDefId" : null,
                        "selectedPilotDefId" : null
                    }
                ]
            }
        ]
    },
    "targetsAllyTeam" : {
        "encounterLayerData" : {
            "EncounterObjectGuid" : "280026b1-259f-44f0-ad82-b6799a05064b"
        },
        "teamGuid" : "31151ed6-cfc2-467e-98c4-9ae5bea784cf",
        "teamName" : "Target's Ally",
        "faction" : "INVALID_UNSET",
        "teamLeaderCastDefId" : "castDef_TeamLeader_Current",
        "lanceOverrideList" : []
    },
    "neutralToAllTeam" : {
        "encounterLayerData" : {
            "EncounterObjectGuid" : "280026b1-259f-44f0-ad82-b6799a05064b"
        },
        "teamGuid" : "61612bb3-abf9-4586-952a-0559fa9dcd75",
        "teamName" : "Neutral to All",
        "faction" : "INVALID_UNSET",
        "teamLeaderCastDefId" : "castDef_TeamLeader_Current",
        "lanceOverrideList" : []
    },
    "hostileToAllTeam" : {
        "encounterLayerData" : {
            "EncounterObjectGuid" : "280026b1-259f-44f0-ad82-b6799a05064b"
        },
        "teamGuid" : "3c9f3a20-ab03-4bcb-8ab6-b1ef0442bbf0",
        "teamName" : "Hostile to All",
        "faction" : "INVALID_UNSET",
        "teamLeaderCastDefId" : "castDef_TeamLeader_Current",
        "lanceOverrideList" : []
    },
    "employersAllyTeam" : {
        "encounterLayerData" : null,
        "teamGuid" : "70af7e7f-39a8-4e81-87c2-bd01dcb01b5e",
        "teamName" : "Employers Ally",
        "faction" : "INVALID_UNSET",
        "teamLeaderCastDefId" : "castDef_TeamLeader_Current",
        "lanceOverrideList" : []
    }
}