{
    "Name": "Better Escort",
    "Enabled": true,
    "Version": "0.1.1",
    "Description": "Tweaks escort contracts to always spawn enemies while to convoy is in motion so it's less boring. Overall difficulty is unchanged",
    "Author": "Cargo Vroom",
    "Website": "https://github.com/CargoVroom/Better-Escort",
    "Contact": "fakeemail@fakeemail.com",
    "ConflictsWith": [],
    "Manifest": [
        {
            "Type": "ContractOverride",
            "Path": "contracts/captureescort"
        }
    ]
}